databaseId	name	imageUrl	cardBack	type	packName	deckbuilderQuantity	setUuid	numberInPack	encounterSet	unique	sphere	traits	keywords	cost	side	engagementCost	threat	willpower	attack	defense	hitPoints	questPoints	victoryPoints	cornerText	text	shadow	tags
18b9cb80-a536-427f-8c76-a05a9477bb7f	Voyage across Belegaer	18b9cb80-a536-427f-8c76-a05a9477bb7f.jpg	multi_sided	Campaign	Dream-chaser Campaign Expansion	1	fae80556-d6d2-4d2e-a9e9-a006f025c316	171																	You are playing Campaign Mode.  Setup: Each player chooses a Modification boon for each of their ship-objectives and attaches it to that ship-objective. For each ship-objective, its controller may deal 2 damage to it to add 1 resource to a hero's resource pool. Shuffle Ominous Fate and Thunderstruck into the encounter deck. Shuffle Crowley into the Corsair deck.		
18b9cb80-a536-427f-8c76-a05a9477bb7f	Voyage across Belegaer	18b9cb80-a536-427f-8c76-a05a9477bb7f.B.jpg	multi_sided	Campaign	Dream-chaser Campaign Expansion	1	fae80556-d6d2-4d2e-a9e9-a006f025c316	171																	Resolution: Add Ominous Fate to the Campaign Pool.  Gain the following:  • 1 XP for each surviving player.  • 1 XP if 4 stage 2B quest cards are in the victory display.  • 1 XP if you ended the game on-course.  • 1 XP if no Ship enemies are in play.  • 1 XP for each Corsair Warship in the victory display.  • 1 XP if Crowley is in the victory display.  • 2 XP if Thunderstruck is in the victory display.  • –1 XP if Ominous Fate is in the victory display.		
8043cc1b-caa1-4f12-8abb-61322c9e9499	Dream-chaser	8043cc1b-caa1-4f12-8abb-61322c9e9499.jpg	multi_sided	Ship Objective	Dream-chaser Campaign Expansion	1	fae80556-d6d2-4d2e-a9e9-a006f025c316	136		1		Grey Havens. Ship.	Immune to player card effects. Sentinel.					5	4	4	18				The Dream-chaser can always be committed to Sailing tests (even if you are not the first player), and counts as 2 characters when committed to a Sailing test.   If the Dream-chaser is destroyed, the players lose the game.		{"immuneToPlayerCardEffects": true}
8043cc1b-caa1-4f12-8abb-61322c9e9499	Dream-chaser	8043cc1b-caa1-4f12-8abb-61322c9e9499.B.jpg	multi_sided	Ship Objective	Dream-chaser Campaign Expansion	1	fae80556-d6d2-4d2e-a9e9-a006f025c316	136		1		Grey Havens. Ship. Upgraded.	Campaign Mode only. Immune to player card effects. Sentinel.					6	5	5	19				The Dream-chaser can always be committed to Sailing tests and counts as 3 characters when committed to a Sailing test.   If the Dream-chaser is destroyed, the players lose the game.		{"immuneToPlayerCardEffects": true}
88d4f08d-3f1b-4d3b-9f46-b896c9b662b0	Dawn Star	88d4f08d-3f1b-4d3b-9f46-b896c9b662b0.jpg	multi_sided	Ship Objective	Dream-chaser Campaign Expansion	1	fae80556-d6d2-4d2e-a9e9-a006f025c316	137		1		Gondor. Ship.	Immune to player card effects. Sentinel.					3	3	4	16				Raise your starting threat by 3. Draw 1 additional card during the resource phase. If the Dawn Star is destroyed, its controller is eliminated from the game.		{"immuneToPlayerCardEffects": true}
88d4f08d-3f1b-4d3b-9f46-b896c9b662b0	Dawn Star	88d4f08d-3f1b-4d3b-9f46-b896c9b662b0.B.jpg	multi_sided	Ship Objective	Dream-chaser Campaign Expansion	1	fae80556-d6d2-4d2e-a9e9-a006f025c316	137		1		Gondor. Ship. Upgraded.	Campaign Mode only. Immune to player card effects. Sentinel.					4	4	5	18				Draw 1 additional card during the resource phase. If the Dawn Star is destroyed, its controller is eliminated from the game.		{"immuneToPlayerCardEffects": true}
94f2aa12-7d4c-4124-a642-a7f3fb2ca414	Duskbringer	94f2aa12-7d4c-4124-a642-a7f3fb2ca414.jpg	multi_sided	Ship Objective	Dream-chaser Campaign Expansion	1	fae80556-d6d2-4d2e-a9e9-a006f025c316	138		1		Gondor. Ship.	Immune to player card effects. Sentinel.					3	4	3	16				Response: After you play a card with an odd printed cost, add 1 resource to a hero's resource pool. (Limit once per round.)  If the Duskbringer is destroyed, its controller is eliminated from the game.		{"immuneToPlayerCardEffects": true}
94f2aa12-7d4c-4124-a642-a7f3fb2ca414	Duskbringer	94f2aa12-7d4c-4124-a642-a7f3fb2ca414.B.jpg	multi_sided	Ship Objective	Dream-chaser Campaign Expansion	1	fae80556-d6d2-4d2e-a9e9-a006f025c316	138		1		Gondor. Ship. Upgraded.	Campaign Mode only. Immune to player card effects. Sentinel.					4	5	4	17				Response: After you play a card with an odd printed cost, add 1 resource to a hero's resource pool. (Limit twice per round.)  If the Duskbringer is destroyed, its controller is eliminated from the game.		{"immuneToPlayerCardEffects": true}
814fecd8-1d51-431e-a904-e12ba8747391	Glorinaith	814fecd8-1d51-431e-a904-e12ba8747391.jpg	multi_sided	Ship Objective	Dream-chaser Campaign Expansion	1	fae80556-d6d2-4d2e-a9e9-a006f025c316	139		1		Grey Havens. Ship.	Immune to player card effects. Ranged. Sentinel.					4	4	3	17				Action: Discard the top 2 cards of any deck to deal 1 damage to an engaged non-unique enemy. (Limit once per round.)  If the Glorinaith is destroyed, its controller is eliminated from the game.		{"immuneToPlayerCardEffects": true}
814fecd8-1d51-431e-a904-e12ba8747391	Glorinaith	814fecd8-1d51-431e-a904-e12ba8747391.B.jpg	multi_sided	Ship Objective	Dream-chaser Campaign Expansion	1	fae80556-d6d2-4d2e-a9e9-a006f025c316	139		1		Grey Havens. Ship. Upgraded	Campaign Mode only. Immune to player card effects. Ranged. Sentinel.					5	5	4	18				Action: Name a card. Discard the top 3 cards of any deck to deal 1 damage to an engaged non-unique enemy (2 damage instead if the named card is discarded this way). (Limit once per round.)  If the Glorinaith is destroyed, its controller is eliminated from the game.		{"immuneToPlayerCardEffects": true}
a85f3566-9501-4f73-83d7-3f1d6a81f08a	Narelenya	a85f3566-9501-4f73-83d7-3f1d6a81f08a.jpg	multi_sided	Ship Objective	Dream-chaser Campaign Expansion	1	fae80556-d6d2-4d2e-a9e9-a006f025c316	140		1		Grey Havens. Ship.	Immune to player card effects. Sentinel.					3	3	5	16				Reduce the cost of the first ally you play each round by 1.  If Narelenya is destroyed, its controller is eliminated from the game.		{"immuneToPlayerCardEffects": true}
a85f3566-9501-4f73-83d7-3f1d6a81f08a	Narelenya	a85f3566-9501-4f73-83d7-3f1d6a81f08a.B.jpg	multi_sided	Ship Objective	Dream-chaser Campaign Expansion	1	fae80556-d6d2-4d2e-a9e9-a006f025c316	140		1		Grey Havens. Ship. Upgraded.	Campaign Mode only. Immune to player card effects. Sentinel.					4	4	6	17				Reduce the cost of the first card you play each round by 1.  If Narelenya is destroyed, its controller is eliminated from the game.		{"immuneToPlayerCardEffects": true}
24180e46-4cad-4d59-a917-6cda1ff1383f	Silver Wing	24180e46-4cad-4d59-a917-6cda1ff1383f.jpg	multi_sided	Ship Objective	Dream-chaser Campaign Expansion	1	fae80556-d6d2-4d2e-a9e9-a006f025c316	141		1		Gondor. Ship.	Immune to player card effects. Sentinel. Ranged.					2	4	2	14				Reduce your starting threat by 3. Each hero you control gets +1 [attack]. If the Silver Wing is destroyed, its controller is eliminated from the game.		{"immuneToPlayerCardEffects": true}
24180e46-4cad-4d59-a917-6cda1ff1383f	Silver Wing	24180e46-4cad-4d59-a917-6cda1ff1383f.B.jpg	multi_sided	Ship Objective	Dream-chaser Campaign Expansion	1	fae80556-d6d2-4d2e-a9e9-a006f025c316	141		1		Gondor. Ship. Upgraded.	Campaign Mode only. Immune to player card effects. Sentinel. Ranged.					3	6	3	16				Reduce your starting threat by 6. Each hero you control gets +1 [attack]. If the Silver Wing is destroyed, its controller is eliminated from the game.		{"immuneToPlayerCardEffects": true}
f31e3b0f-bb24-4c6d-856f-4805db1bbf4b	Armor Plating	f31e3b0f-bb24-4c6d-856f-4805db1bbf4b.jpg	multi_sided	Attachment	Dream-chaser Campaign Expansion	1	fae80556-d6d2-4d2e-a9e9-a006f025c316	172			Boon	Modification. Armor.		0											When Armor Plating leaves play, remove it from the game.  Attached Ship gets +1 [defense].		
f31e3b0f-bb24-4c6d-856f-4805db1bbf4b	Armor Plating	f31e3b0f-bb24-4c6d-856f-4805db1bbf4b.B.jpg	multi_sided	Attachment	Dream-chaser Campaign Expansion	1	fae80556-d6d2-4d2e-a9e9-a006f025c316	172		1	Boon	Modification. Armor. Upgraded.		0											When Armor Plating leaves play, remove it from the game.  Attached Ship gets +1 [defense].  Response: After attached Ship defends against an enemy, discard 1 shadow card from another enemy.		
e6f3f717-5348-463c-8cdf-dff28ee89d92	Ballista	e6f3f717-5348-463c-8cdf-dff28ee89d92.jpg	multi_sided	Attachment	Dream-chaser Campaign Expansion	1	fae80556-d6d2-4d2e-a9e9-a006f025c316	173			Boon	Modification. Weapon.		0											When Ballista leaves play, remove it from the game.  Attached Ship gets +1 [attack].		
e6f3f717-5348-463c-8cdf-dff28ee89d92	Ballista	e6f3f717-5348-463c-8cdf-dff28ee89d92.B.jpg	multi_sided	Attachment	Dream-chaser Campaign Expansion	1	fae80556-d6d2-4d2e-a9e9-a006f025c316	173		1	Boon	Modification. Weapon. Upgraded.		0											When Ballista leaves play, remove it from the game.  Attached Ship gets +1 [attack] and gains ranged.  Response: After attached Ship attacks, deal 1 damage to a non-unique enemy and remove 1 resource from that enemy.		
be24f0fa-17fe-4bad-9334-52396925f5da	Enlarged Quarters	be24f0fa-17fe-4bad-9334-52396925f5da.jpg	multi_sided	Attachment	Dream-chaser Campaign Expansion	1	fae80556-d6d2-4d2e-a9e9-a006f025c316	174			Boon	Modification.		0											When Enlarged Quarters leaves play, remove it from the game.  Attached Ship gets +3 hit points and can be committed to any Sailing test.		
be24f0fa-17fe-4bad-9334-52396925f5da	Enlarged Quarters	be24f0fa-17fe-4bad-9334-52396925f5da.B.jpg	multi_sided	Attachment	Dream-chaser Campaign Expansion	1	fae80556-d6d2-4d2e-a9e9-a006f025c316	174		1	Boon	Modification. Upgraded.		0											When Enlarged Quarters leaves play, remove it from the game.  Attached Ship gets +3 hit points and can be committed to any Sailing test. It counts as 1 additional character when committed to a Sailing test.		
930cdcbc-a3f4-4eb8-92d0-42e2af7a8184	Extra Sails	930cdcbc-a3f4-4eb8-92d0-42e2af7a8184.jpg	multi_sided	Attachment	Dream-chaser Campaign Expansion	1	fae80556-d6d2-4d2e-a9e9-a006f025c316	175			Boon	Modification.		0											When Extra Sails leaves play, remove it from the game.  Attached Ship gets +1 [willpower].		
930cdcbc-a3f4-4eb8-92d0-42e2af7a8184	Extra Sails	930cdcbc-a3f4-4eb8-92d0-42e2af7a8184.B.jpg	multi_sided	Attachment	Dream-chaser Campaign Expansion	1	fae80556-d6d2-4d2e-a9e9-a006f025c316	175		1	Boon	Modification. Upgraded.		0											When Extra Sails leaves play, remove it from the game.  Attached Ship gets +1 [willpower].  Response: When a non-unique Ship enemy engages you, spend 1 resource and exhaust Extra Sails to reduce that enemy's Boarding value by 1.		
5a203fc3-b63e-477c-b929-1df80d27fedf	Ominous Fate	5a203fc3-b63e-477c-b929-1df80d27fedf.jpg	encounter	Treachery	Dream-chaser Campaign Expansion	1	fae80556-d6d2-4d2e-a9e9-a006f025c316	176			Burden		Surge. Ominous Fate cannot be canceled.												When Revealed: Each player must either reveal an encounter card, raise their threat by X, or deal X damage divided among characters they control. X is the campaign card's part number. The players may add Ominous Fate to the victory display.	Shadow: Reveal an encounter card.	
21f46a4e-6d43-4d50-8f1d-388d9aa427c0	Thunderstruck	21f46a4e-6d43-4d50-8f1d-388d9aa427c0.jpg	encounter	Enemy	Dream-chaser Campaign Expansion	1	fae80556-d6d2-4d2e-a9e9-a006f025c316	177		1	Burden	Corsair. Ship. Elite.	Archery 1. Boarding 2. Immune to player card effects.			46	3		6	5	4		7		Thunderstruck gets +2 hit points per player and cannot take more than 4 damage each round.	Shadow: Either add Thunderstruck to the staging area or deal 2 damage to the defending character.	{"immuneToPlayerCardEffects": true}
a945993f-d4aa-4f8b-9d6a-ff5decdd31a2	Crowley	a945993f-d4aa-4f8b-9d6a-ff5decdd31a2.jpg	encounter	Enemy	Dream-chaser Campaign Expansion	1	fae80556-d6d2-4d2e-a9e9-a006f025c316	178		1	Burden	Corsair. Raider.				35	2		2	2	2				For each resource on Crowley, he gets +1 [threat], +1 [attack], +1 [defense], and +1 hit points. If Crowley has 3 or more resources on him, he gains victory 3.  Forced: When Crowley engages you, place 1 resource on him. At the end of the combat phase, return him to the staging area.		
53f207b7-6670-4cc1-ad0f-d0190386d2b5	The Fate of Numenor	53f207b7-6670-4cc1-ad0f-d0190386d2b5.jpg	multi_sided	Campaign	Dream-chaser Campaign Expansion	1	fae80556-d6d2-4d2e-a9e9-a006f025c316	179					You are playing Campaign Mode.												Setup: Attach Spyglass to Calphon. Shuffle Revenant into the encounter deck. For each character in play, its controller may deal 1 damage to it to reduce their threat by 1.		
53f207b7-6670-4cc1-ad0f-d0190386d2b5	The Fate of Numenor	53f207b7-6670-4cc1-ad0f-d0190386d2b5.B.jpg	multi_sided	Campaign	Dream-chaser Campaign Expansion	1	fae80556-d6d2-4d2e-a9e9-a006f025c316	179																	Resolution: Gain the following:  • 1 XP for each surviving player.  • 1 XP for each Lush Jungle and Drowned Graves in the victory display.  • 1 XP for each resource on this card (to a maximum of 3 XP).  • 1 XP if each surviving player's threat is 40 or less.  • –1 XP if Ominous Fate is in the victory display.		
b69c7813-2319-49d4-b4a6-157a044ac73c	Calphon	b69c7813-2319-49d4-b4a6-157a044ac73c.jpg	multi_sided	Objective Ally	Dream-chaser Campaign Expansion	1	fae80556-d6d2-4d2e-a9e9-a006f025c316	13		1		Gondor. Noble.	The first player gains control of Calphon.					1	0	1	3				Action: Exhaust Calphon to look at the bottom card of your deck. Then, you may switch that card with a card in your hand.  If Calphon leaves play, the players lose.		{"firstPlayerControls": true}
b69c7813-2319-49d4-b4a6-157a044ac73c	Calphon	b69c7813-2319-49d4-b4a6-157a044ac73c.B.jpg	multi_sided	Objective Ally	Dream-chaser Campaign Expansion	1	fae80556-d6d2-4d2e-a9e9-a006f025c316	13		1		Gondor. Noble. Upgraded.	Campaign Mode only. The first player gains control of Calphon.					2	1	2	4				Action: Exhaust Calphon to look at the bottom 5 card of your deck. Then, you may switch one of them with a card in your hand.  If Calphon leaves play, the players lose.		{"firstPlayerControls": true}
0115314f-4209-497c-a1ec-c07118765d29	Spyglass	0115314f-4209-497c-a1ec-c07118765d29.jpg	multi_sided	Attachment	Dream-chaser Campaign Expansion	1	fae80556-d6d2-4d2e-a9e9-a006f025c316	180		1	Boon	Item.	When Spyglass leaves play, remove it from the game.	0											Action: Exhaust Spyglass to choose one:  • Look at a shadow card.  • Look at the top and bottom card of your deck.  • Place 1 progress on a location (2 progress instead if it is Uncharted).		
0115314f-4209-497c-a1ec-c07118765d29	Spyglass	0115314f-4209-497c-a1ec-c07118765d29.B.jpg	multi_sided	Attachment	Dream-chaser Campaign Expansion	1	fae80556-d6d2-4d2e-a9e9-a006f025c316	180		1	Boon	Item. Upgraded.	When Spyglass leaves play, remove it from the game.	0											Action: Exhaust Spyglass to choose one:  • Look at a shadow card. You may discard it.  • Look at the top and bottom card of any deck.  • Place 1 progress on a location (4 progress instead if it is Uncharted).		
8a9f414e-2e1a-41d2-8bf0-ac0d477ca66c	Revenant	8a9f414e-2e1a-41d2-8bf0-ac0d477ca66c.jpg	encounter	Enemy	Dream-chaser Campaign Expansion	1	fae80556-d6d2-4d2e-a9e9-a006f025c316	181		1	Burden	Undead.	Immune to card effects. Revenant gets +2 [attack] and +2 [defense] for each resource on the campaign card.			43	3		3	3	3				Forced: When 3 or more damage would be placed on Revenant, place 2 damage instead.   Forced: After Revenant is destroyed, shuffle it into the encounter deck. Place 1 resource on the campaign card.		{"immuneToPlayerCardEffects": true}
78a03d01-99f6-4c8c-9251-ec20f85ec609	Raid on the Grey Havens	78a03d01-99f6-4c8c-9251-ec20f85ec609.jpg	multi_sided	Campaign	Dream-chaser Campaign Expansion	1	fae80556-d6d2-4d2e-a9e9-a006f025c316	182					You are playing Campaign Mode.												Setup: The first player takes control of Calphon and attaches Spyglass and Black Key (boon) to him. Shuffle Graxar into the encounter deck. Each player may choose one copy of Galdor's Counsel and add it to their hand. For this game, X is plus 1 for each of those copies.   Forced: After stage 2B is revealed, remove Calphon and each attachment on him from the game, ignoring his “leaves play” ability.		
78a03d01-99f6-4c8c-9251-ec20f85ec609	Raid on the Grey Havens	78a03d01-99f6-4c8c-9251-ec20f85ec609.B.jpg	multi_sided	Campaign	Dream-chaser Campaign Expansion	1	fae80556-d6d2-4d2e-a9e9-a006f025c316	182																	Resolution: If Graxar is in the victory display, choose either Parrying Cutlass or Throwing Axe, add it to the Campaign Pool, and record which hero you attach it to.  Add the copies of Galdor's Counsel chosen during setup to the Campaign Pool.  Gain the following:  • 1 XP for each surviving player.  • 1 XP if 2 or fewer cards are underneath The Havens Burn (2 XP instead if no cards are underneath it).  • 1 XP for each Elven Wave-runner in the victory display.  • 1 XP if Na'asiyah is in the victory display.  • 1 XP if no enemies are in play.  • 1 XP if each surviving player's threat is 40 or less.  • –1 XP if Ominous Fate is in the victory display.		
09993d97-ebf8-4c2c-b051-2691b175a2aa	Black Key	09993d97-ebf8-4c2c-b051-2691b175a2aa.jpg	multi_sided	Attachment	Dream-chaser Campaign Expansion	1	fae80556-d6d2-4d2e-a9e9-a006f025c316	183		1	Boon	Item. Artifact.	When Black Key leaves play, remove it from the game.	0											Attached character gets +1 [willpower], +1 [attack], and +1 [defense].		
09993d97-ebf8-4c2c-b051-2691b175a2aa	Black Key	09993d97-ebf8-4c2c-b051-2691b175a2aa.B.jpg	multi_sided	Attachment	Dream-chaser Campaign Expansion	1	fae80556-d6d2-4d2e-a9e9-a006f025c316	183		1	Boon	Item. Artifact. Upgraded.	When Black Key leaves play, remove it from the game.	0											Attached character gets +1 [willpower], +1 [attack], and +1 [defense].  Response: After attached character quests successfully, place 1 resource on them.  Action: Exhaust Black Key and remove 3 resources from attached character to ready them.		
7f5cc752-82d6-46aa-be50-1c905f126850	Galdor's Counsel	7f5cc752-82d6-46aa-be50-1c905f126850.jpg	player	Event	Dream-chaser Campaign Expansion	1	fae80556-d6d2-4d2e-a9e9-a006f025c316	184			Boon			0									1		Action: Add X resources to any hero's resource pool. X is half the level of Galdor's Counsel ([leadership]), rounded up. Add Galdor's Counsel to the victory display.		
1884b2f6-3750-49f4-8978-d72501ca23a4	Galdor's Counsel	1884b2f6-3750-49f4-8978-d72501ca23a4.jpg	player	Event	Dream-chaser Campaign Expansion	1	fae80556-d6d2-4d2e-a9e9-a006f025c316	185			Boon			1									1		Action: Deal X damage to a non-unique enemy. X is the level of Galdor's Counsel ([tactics]). Add Galdor's Counsel to the victory display.		
2ef48703-982b-4804-be4f-6dc66942e81f	Galdor's Counsel	2ef48703-982b-4804-be4f-6dc66942e81f.jpg	player	Event	Dream-chaser Campaign Expansion	1	fae80556-d6d2-4d2e-a9e9-a006f025c316	186			Boon			1									1		Action: Place X progress on a non-unique location in the staging area. X is the level of Galdor's Counsel ([spirit]). Add Galdor's Counsel to the victory display.		
40b28cfe-909b-492b-83a4-79b12375af81	Galdor's Counsel	40b28cfe-909b-492b-83a4-79b12375af81.jpg	player	Event	Dream-chaser Campaign Expansion	1	fae80556-d6d2-4d2e-a9e9-a006f025c316	186			Boon			1									1		Action: Look at the top X or bottom X cards of your deck, add any number of them to your hand, and put the rest on the top and/or bottom of your deck in any order. X is half the level of Galdor's Counsel ([lore]), rounded up. Add Galdor's Counsel to the victory display.		
a9716b6a-735d-45ff-bae1-500c5f79bf7e	Graxar	a9716b6a-735d-45ff-bae1-500c5f79bf7e.jpg	encounter	Enemy	Dream-chaser Campaign Expansion	1	fae80556-d6d2-4d2e-a9e9-a006f025c316	188		1	Burden	Corsair. Raider.	Immune to card effects. No more than 1 character can attack Graxar each round.			47	3		3	0	10		8		Graxar gets +1 [attack] for each damage on him and +1 [defense] for each resource on him.  Forced: When Graxar is dealt a shadow card, place 1 resource on him.		{"immuneToPlayerCardEffects": true}
dfa5000e-07a5-4694-82b5-f9a5347d0961	Parrying Cutlass	dfa5000e-07a5-4694-82b5-f9a5347d0961.jpg	multi_sided	Attachment	Dream-chaser Campaign Expansion	1	fae80556-d6d2-4d2e-a9e9-a006f025c316	189		1	Boon	Item. Weapon.	Permanent. Restricted.	0											Attached hero gets +1 [defense] (+2 [defense] instead if it has 2 or more resources in its resource pool).		
dfa5000e-07a5-4694-82b5-f9a5347d0961	Parrying Cutlass	dfa5000e-07a5-4694-82b5-f9a5347d0961.B.jpg	multi_sided	Attachment	Dream-chaser Campaign Expansion	1	fae80556-d6d2-4d2e-a9e9-a006f025c316	189		1	Boon	Item. Weapon. Upgraded.	Permanent. Restricted.	0											Attached hero gets +2 [defense] (+3 [defense] instead if it has 2 or more resources in its resource pool). Response: When attached hero defends against an enemy, exhaust Parrying Cutlass to move 1 resource from that enemy to attached hero's resource pool.		
cf6bc361-8dbb-40f6-b6e6-3762ce390b0a	Throwing Axe	cf6bc361-8dbb-40f6-b6e6-3762ce390b0a.jpg	multi_sided	Attachment	Dream-chaser Campaign Expansion	1	fae80556-d6d2-4d2e-a9e9-a006f025c316	190		1	Boon	Item. Weapon.	Permanent. Restricted.	0											Attached hero gets +1 [attack] (+2 [attack] instead if it has 2 or more damage on it).		
cf6bc361-8dbb-40f6-b6e6-3762ce390b0a	Throwing Axe	cf6bc361-8dbb-40f6-b6e6-3762ce390b0a.B.jpg	multi_sided	Attachment	Dream-chaser Campaign Expansion	1	fae80556-d6d2-4d2e-a9e9-a006f025c316	190		1	Boon	Item. Weapon. Upgraded.	Permanent. Restricted.	0											Attached hero gets +2 [attack] (+3 [attack] instead if it has 2 or more damage on it). Action: Either deal 1 damage to an enemy, or toss Throwing Axe. If it travels at least two feet across the playing area and stops on any enemies, deal 4 damage to one of them. Reattach Throwing Axe to its hero. (Limit once per game.)		
c6df8413-6e0a-4ba3-b705-4b9626c66b02	Flight of the Stormcaller	c6df8413-6e0a-4ba3-b705-4b9626c66b02.jpg	multi_sided	Campaign	Dream-chaser Campaign Expansion	1	fae80556-d6d2-4d2e-a9e9-a006f025c316	191					You are playing Campaign Mode.												Setup: Flip the Stormcaller to its “Campaign Mode only” side, then attach Black Key (burden) to it. Each player chooses a Modification boon for each of their ship- objectives and attaches it to that ship-objective. Shuffle Thunderstruck into the encounter deck. Shuffle Crowley into the Corsair deck. Put Calaerion into play under the control of the player with the Dream-chaser.		
c6df8413-6e0a-4ba3-b705-4b9626c66b02	Flight of the Stormcaller	c6df8413-6e0a-4ba3-b705-4b9626c66b02.B.jpg	multi_sided	Campaign	Dream-chaser Campaign Expansion	1	fae80556-d6d2-4d2e-a9e9-a006f025c316	191																	Resolution: Gain the following:  • 1 XP for each surviving player.  • 1 XP if you ended the game on-course.  • 1 XP if you ended the game on stage 2B.  • 2 XP if you destroyed the Stormcaller.  • 1 XP if Crowley is in the victory display.  • 2 XP if Thunderstruck is in the victory display.  • 1 XP if each hero has no damage on it.  • –1 XP if Ominous Fate is in the victory display.		
5a19564f-aa1d-4db1-91ee-6123b9d64967	Stormcaller	5a19564f-aa1d-4db1-91ee-6123b9d64967.jpg	multi_sided	Ship Enemy	Dream-chaser Campaign Expansion	1	fae80556-d6d2-4d2e-a9e9-a006f025c316	42		1		Corsair. Ship.	Boarding 2. Cannot have player attachments.			50	2		6	6	18		10		When the Stormcaller advances to the next quest stage, return it to the Stormcaller's area.  If the Stormcaller leaves play, the players win the game.		
5a19564f-aa1d-4db1-91ee-6123b9d64967	Stormcaller	5a19564f-aa1d-4db1-91ee-6123b9d64967.B.jpg	multi_sided	Ship Enemy	Dream-chaser Campaign Expansion	1	fae80556-d6d2-4d2e-a9e9-a006f025c316	42		1		Corsair. Ship.	Campaign Mode only. Boarding 2.			50	2		7	6	20		15		If you are at the Stormcaller's stage, no more than 9 progress can be placed on your quest each round.  When the Stormcaller advances to the next quest stage, return it to the Stormcaller's area.  If the Stormcaller leaves play, the players win the game.		
5a194ef3-94dc-46aa-af0e-7653a9955539	Black Key	5a194ef3-94dc-46aa-af0e-7653a9955539.jpg	multi_sided	Objective	Dream-chaser Campaign Expansion	1	fae80556-d6d2-4d2e-a9e9-a006f025c316	192		1	Burden	Item. Artifact.	When Black Key leaves play, remove it from the game.												Attached enemy gets +1 [threat], +1 [attack], +1 [defense], and gains immune to player card effects.  Forced: At the end of the quest phase, if Captain Sahír is in play, place 1 resource on him for each player in the game.		
5a194ef3-94dc-46aa-af0e-7653a9955539	Black Key	5a194ef3-94dc-46aa-af0e-7653a9955539.B.jpg	multi_sided	Objective	Dream-chaser Campaign Expansion	1	fae80556-d6d2-4d2e-a9e9-a006f025c316	192		1	Burden	Item. Artifact. Upgraded.	When Black Key leaves play, remove it from the game.												Attached enemy gets +1 [threat], +1 [attack], +1 [defense], and gains immune to player card effects.		
f355fc24-3560-4a84-b0ad-007f7c940932	Calaerion	f355fc24-3560-4a84-b0ad-007f7c940932.jpg	multi_sided	Objective Ally	Dream-chaser Campaign Expansion	1	fae80556-d6d2-4d2e-a9e9-a006f025c316	193		1	Boon	Noldor. Scout.	When Calaerion leaves play, remove him from the game.					1	1	1	3				Action: Spend 3 resources and exhaust Calaerion to ready the Dream-chaser and give it +1 [willpower], +1 [attack], and +1 [defense] until the end of the phase.		
f355fc24-3560-4a84-b0ad-007f7c940932	Calaerion	f355fc24-3560-4a84-b0ad-007f7c940932.B.jpg	multi_sided	Objective Ally	Dream-chaser Campaign Expansion	1	fae80556-d6d2-4d2e-a9e9-a006f025c316	193		1	Boon	Noldor. Scout. Upgraded.	When Calaerion leaves play, remove him from the game.					2	2	2	4				Response: After a card is discarded from the encounter deck, shuffle it into that deck. (Limit once per round.)  Action: Spend 2 resources and exhaust Calaerion to ready another ally and give it +1 [willpower], +1 [attack], and +1 [defense] until the end of the round.		
c281bdda-e8d3-408c-bd5d-d7673b092576	The Thing in the Depths	c281bdda-e8d3-408c-bd5d-d7673b092576.jpg	multi_sided	Campaign	Dream-chaser Campaign Expansion	1	fae80556-d6d2-4d2e-a9e9-a006f025c316	194					You are playing Campaign Mode.												Forced: After Captain Sahír (enemy) enters play, attach Black Key (burden) to him.  Forced: After Captain Sahír flips over, remove Black Key (burden) from the game and attach Black Key (boon) to him. Add Sea Serpent (Menacing side) to the staging area. One player adds Come Together to their hand. For this game, X is plus 1 for Come Together.		
c281bdda-e8d3-408c-bd5d-d7673b092576	The Thing in the Depths	c281bdda-e8d3-408c-bd5d-d7673b092576.B.jpg	multi_sided	Campaign	Dream-chaser Campaign Expansion	1	fae80556-d6d2-4d2e-a9e9-a006f025c316	194																	Resolution: The players may add Come Together to the Campaign Pool.  Gain the following:  • 1 XP for each surviving player.  • 1 XP if Captain Sahír has 5 or more resources.  • 1 XP if Na'asiyah has 5 or more resources.  • 1 XP if Sea Serpent (Enraged side) is in play (2 XP instead if it is in the victory display).  • 1 XP if each hero has no damage on it.  • 1 XP if each surviving player's threat is 40 or less (2 XP instead if their threat is 30 or less).  • –1 XP if Ominous Fate is in the victory display.		
2780540c-b6aa-4058-b9fc-5721e5bcab60	Come Together	2780540c-b6aa-4058-b9fc-5721e5bcab60.jpg	player	Event	Dream-chaser Campaign Expansion	1	fae80556-d6d2-4d2e-a9e9-a006f025c316	195			Boon			1									1		Action: Choose up to X characters. X is the level of Come Together, then add it to the victory display. Until the end of the round, each of those characters...  ...get +2 [defense] if you control a [leadership] hero.  ...get +2 [attack] if you control a [tactics] hero.  ...get +2 [willpower] if you control a [spirit] hero.  ...gain a Trait of your choice and heal 2 damage from each of them if you control a [lore] hero		
93c87689-1400-4b1d-8076-a22e9736919c	The Thing in the Depths	93c87689-1400-4b1d-8076-a22e9736919c.jpg	multi_sided	Enemy	Dream-chaser Campaign Expansion	1	fae80556-d6d2-4d2e-a9e9-a006f025c316	63		1		Creature.	Immune to player card effects. Cannot be engaged.			50	2		5	-	8		10		The Thing in the Depths gets +3 hit points per player. Forced: When a Creature enemy is destroyed, deal damage to The Thing in the Depths equal to that enemy's [threat].		{"immuneToPlayerCardEffects": true, "doesNotMakeEngagementChecks": true}
93c87689-1400-4b1d-8076-a22e9736919c	The Thing in the Depths	93c87689-1400-4b1d-8076-a22e9736919c.B.jpg	multi_sided	Enemy	Dream-chaser Campaign Expansion	1	fae80556-d6d2-4d2e-a9e9-a006f025c316	63		1		Creature.	Campaign Mode only. Immune to player card effects. Cannot be engaged.			50	3		6	-	4		15		The Thing in the Depths gets +3 hit points per player. Forced: When a Creature enemy is destroyed, deal 2 damage to The Thing in the Depths.		{"immuneToPlayerCardEffects": true, "doesNotMakeEngagementChecks": true}
b0d73662-3195-45aa-bea8-7e4d0609f22d	Sea Serpent	b0d73662-3195-45aa-bea8-7e4d0609f22d.jpg	multi_sided	Enemy	Dream-chaser Campaign Expansion	1	fae80556-d6d2-4d2e-a9e9-a006f025c316	196		1	Burden	Creature. Menacing.	Immune to player card effects. X is the number of players in the game.			40	X		6	X	6				Forced: After Sea Serpent attacks and destroys an ally, the defending player deals X damage divided among characters they control.  Forced: After Sea Serpent is destroyed, flip it over and put it into play in the staging area.		{"immuneToPlayerCardEffects": true}
b0d73662-3195-45aa-bea8-7e4d0609f22d	Sea Serpent	b0d73662-3195-45aa-bea8-7e4d0609f22d.B.jpg	multi_sided	Enemy	Dream-chaser Campaign Expansion	1	fae80556-d6d2-4d2e-a9e9-a006f025c316	196		1	Burden	Creature. Menacing.	Immune to player card effects. X is twice the number of players in the game.			0	X		8	X	8		8		Forced: After Sea Serpent attacks and destroys an ally, the defending player deals X damage divided among characters they control.  Forced: At the end of the round, Sea Serpent makes an attack against the first player.		{"immuneToPlayerCardEffects": true}
870d08ac-097f-4bb7-8da8-439a2b05e838	Temple of the Deceived	870d08ac-097f-4bb7-8da8-439a2b05e838.jpg	multi_sided	Campaign	Dream-chaser Campaign Expansion	1	fae80556-d6d2-4d2e-a9e9-a006f025c316	197					You are playing Campaign Mode.												Setup: Attach Black Key (boon) to Captain Sahír. Shuffle Revenant into the encounter deck. Shuffle Starla and both Recurring Nightmares together and place one facedown under each Temple of the Deceived location, as secrets. For each character in play, its controller may deal 1 damage to it to reduce their threat by 1. One player may raise their threat by 4 to attach Spyglass to a hero.  Travel Action: Flip over a secret at your location. If it is a Recurring Nightmare, it engages you. If it is Starla, you gain control of her (ready).		
870d08ac-097f-4bb7-8da8-439a2b05e838	Temple of the Deceived	870d08ac-097f-4bb7-8da8-439a2b05e838.B.jpg	multi_sided	Campaign	Dream-chaser Campaign Expansion	1	fae80556-d6d2-4d2e-a9e9-a006f025c316	197																	Resolution: If Starla is under a player's control, add her to the Campaign Pool. For each Recurring Nightmare that is not a secret, add it to the Campaign Pool and choose a player. For the remainder of the campaign, that player shuffles that Recurring Nightmare into their deck after they draw their starting hand.  Gain the following:  • 1 XP for each surviving player.  • 1 XP for each resource on this card (to a maximum of 3 XP).  • 1 XP for each faceup Temple Halls.  • 1 XP if 4 or fewer Uncharted locations are faceup.  • 1 XP if Temple Guardian is in the victory display.  • 1 XP if each surviving player's threat is 40 or less.  • –1 XP if Ominous Fate is in the victory display.		
05ecd24a-f18c-4c11-8cf7-1d021e380751	Temple Guardian	05ecd24a-f18c-4c11-8cf7-1d021e380751.jpg	multi_sided	Enemy	Dream-chaser Campaign Expansion	1	fae80556-d6d2-4d2e-a9e9-a006f025c316	77		1		Undead.	X is the number of players in the game. Immune to player card effects. Cannot be optionally engaged.			50	X		6	4	10		4		Temple Guardian gets –50 engagement cost while Cursed Temple is the active location.		{"immuneToPlayerCardEffects": true}
05ecd24a-f18c-4c11-8cf7-1d021e380751	Temple Guardian	05ecd24a-f18c-4c11-8cf7-1d021e380751.B.jpg	multi_sided	Enemy	Dream-chaser Campaign Expansion	1	fae80556-d6d2-4d2e-a9e9-a006f025c316	77		1		Undead.	Campaign Mode only. Archery X. X is the number of players in the game. Immune to player card effects. Cannot be optionally engaged.			50	X		5	X	10		5		Temple Guardian gets –50 engagement cost while Cursed Temple is the active location.		{"immuneToPlayerCardEffects": true}
e2bbbc36-80aa-479e-955a-21d723fdc9da	Gate Key	e2bbbc36-80aa-479e-955a-21d723fdc9da.jpg	multi_sided	Objective	Dream-chaser Campaign Expansion	1	fae80556-d6d2-4d2e-a9e9-a006f025c316	78		1		Item. Artifact.													If unattached, return Gate Key to the staging area and it gains: "Action: Exhaust a hero to claim Gate Key and attach it to that hero." Action: Exhaust Gate Key and attached hero and spend 3 resources from attached hero's resource pool to look at the facedown side of a Temple of the Deceived location.		
e2bbbc36-80aa-479e-955a-21d723fdc9da	Gate Key	e2bbbc36-80aa-479e-955a-21d723fdc9da.B.jpg	multi_sided	Objective	Dream-chaser Campaign Expansion	1	fae80556-d6d2-4d2e-a9e9-a006f025c316	78		1		Item. Artifact. Upgraded.	Campaign Mode only.												If unattached, return Gate Key to the staging area and it gains: "Action: Exhaust a hero to claim Gate Key and attach it to that hero." Action: Exhaust Gate Key and attached hero to look at the facedown side of a Temple of the Deceived location or secret.		
a3836077-50a1-41c0-a986-33eea7a22366	Starla	a3836077-50a1-41c0-a986-33eea7a22366.jpg	player	Ally	Dream-chaser Campaign Expansion	1	fae80556-d6d2-4d2e-a9e9-a006f025c316	198		1	Boon	Noldor. Scout.	X is half the level of Starla, rounded up.	0				X	X	X	4				Response: After Starla is discarded from your hand or deck, play her.  Response: After Starla exhausts, place 1 progress on a location.		
b4e225d1-b624-4dfd-a7ca-485af9e8b702	Recurring Nightmare	b4e225d1-b624-4dfd-a7ca-485af9e8b702.jpg	player	Enemy	Dream-chaser Campaign Expansion	2	fae80556-d6d2-4d2e-a9e9-a006f025c316	199			Burden	Undead.	X is the number of players in the game.			35	3		5	X	6				When Recurring Nightmare leaves play, shuffle it into any player's deck.  Forced: When Recurring Nightmare enters your hand, add it to the staging area.		
95604bc2-d030-4403-b3da-892402a38a39	The Drowned Ruins	95604bc2-d030-4403-b3da-892402a38a39.jpg	multi_sided	Campaign	Dream-chaser Campaign Expansion	1	fae80556-d6d2-4d2e-a9e9-a006f025c316	200					You are playing Campaign Mode.												Setup: Attach Black Key (boon) to Captain Sahír. Shuffle Revenant into the encounter deck. Each player may choose one copy of Command and add it to their hand. For this game, X is plus 1 for each of those copies.  One player may choose one copy of Círdan's Blessing and add it to their hand. For each character in play, its controller may deal 1 damage to it to reduce their threat by 1.		
95604bc2-d030-4403-b3da-892402a38a39	The Drowned Ruins	95604bc2-d030-4403-b3da-892402a38a39.B.jpg	multi_sided	Campaign	Dream-chaser Campaign Expansion	1	fae80556-d6d2-4d2e-a9e9-a006f025c316	200																	Resolution: Add each copy of Command and Círdan's Blessing chosen during setup to the Campaign Pool.  Gain the following:  • 1 XP for each surviving player.  • 1 XP for each resource on this card (to a maximum of 3 XP).  • 1 XP if Na'asiyah has 5 or more resources.  • 1 XP if no enemies are in play.  • 1 XP if 5 or more Underwater locations are in the victory display.  • 2 XP if Shrine to Morgoth (Grotto side) is in the victory display.  • 1 XP if each surviving player's threat is 40 or less.  • –1 XP if Ominous Fate is in the victory display.		
3c011008-2946-40c5-b9bf-7c8780ed1a5b	Command	3c011008-2946-40c5-b9bf-7c8780ed1a5b.jpg	player	Event	Dream-chaser Campaign Expansion	1	fae80556-d6d2-4d2e-a9e9-a006f025c316	201			Boon	Tactic.		1									1		Action: Add Command ([leadership]) to the victory display to choose up to X options, where X is its level:  • A hero gets +2 [defense] until the end of the round.  • An enemy gets –2 [defense] until the end of the round.  • Ready a character with Círdan's Blessing on it.  • Put an ally with cost X or less in your discard pile into play. Discard it at the end of the phase.		
70ddd2cc-5ec1-4882-a77c-45c96a4bb3c8	Command	70ddd2cc-5ec1-4882-a77c-45c96a4bb3c8.jpg	player	Event	Dream-chaser Campaign Expansion	1	fae80556-d6d2-4d2e-a9e9-a006f025c316	202			Boon	Tactic.		1									1		Action: Add Command ([lore]) to the victory display to choose up to X options, where X is its level:  • Remove X resources from a non-unique enemy.  • Add 2 resources to each Círdan's Blessing.  • Add the bottom card of your deck to your hand.  • Look at the top 10 cards of the encounter deck, discard any number of them, and shuffle it.		
7e569d99-38da-42c7-9f83-40ebe7a6ee92	Command	7e569d99-38da-42c7-9f83-40ebe7a6ee92.jpg	player	Event	Dream-chaser Campaign Expansion	1	fae80556-d6d2-4d2e-a9e9-a006f025c316	203			Boon	Tactic.		1									1		Action: Add Command ([spirit]) to the victory display to choose up to X options, where X is its level:  • A hero gets +2 [willpower] until the end of the round.  • Each character with Círdan's Blessing on it does not exhaust to commit to a quest this round.  • Place 2 progress on a non-unique location.  • Put Spyglass into play attached to a hero.		
d9cd0f01-b099-4c1a-ad32-b2ec4b26f4fe	Command	d9cd0f01-b099-4c1a-ad32-b2ec4b26f4fe.jpg	player	Event	Dream-chaser Campaign Expansion	1	fae80556-d6d2-4d2e-a9e9-a006f025c316	204			Boon	Tactic.		1									1		Action: Add Command ([tactics]) to the victory display to choose up to X options, where X is its level:   A hero gets +2 [attack] until the end of the round.  • An enemy gets –2 [attack] until the end of the round.  • Deal 2 damage to an enemy. You may engage it.  • Ready an attachment. You may move it to an eligible character.		
adef0fe1-2b5d-415d-b23f-0e3739d200b3	Cirdan's Blessing	adef0fe1-2b5d-415d-b23f-0e3739d200b3.jpg	player	Attachment	Dream-chaser Campaign Expansion	1	fae80556-d6d2-4d2e-a9e9-a006f025c316	205			Boon	Condition.	Attach to a character.	1											Cirdan's Blessing enters play with X resources on it. X is 1 more than the level of Círdan's Blessing ([leadership]).  Response: When attached character defends, remove 1 resource from Cirdan's Blessing to give that character +3 [defense] for this attack.		
eb932a9a-85e3-46e2-9423-de7887967730	Cirdan's Blessing	eb932a9a-85e3-46e2-9423-de7887967730.jpg	player	Attachment	Dream-chaser Campaign Expansion	1	fae80556-d6d2-4d2e-a9e9-a006f025c316	206			Boon	Condition.	Attach to a character.	1											Cirdan's Blessing enters play with X resources on it. X is 1 more than the level of Círdan's Blessing ([tactics]).  Response: When attached character attacks, remove 1 resource from Cirdan's Blessing to give that character +3 [attack] for this attack.		
9fdafc72-ff57-47a0-90a9-3891aaba059a	Cirdan's Blessing	9fdafc72-ff57-47a0-90a9-3891aaba059a.jpg	player	Attachment	Dream-chaser Campaign Expansion	1	fae80556-d6d2-4d2e-a9e9-a006f025c316	207			Boon	Condition.	Attach to a character.	1											Cirdan's Blessing enters play with X resources on it. X is 1 more than the level of Círdan's Blessing ([spirit]).  Action: Exhaust Cirdan's Blessing and remove 1 resource from it to give attached character +3 [willpower] until the end of the phase.		
d9f62a48-9f94-4d59-9ca3-e67103a609d1	Cirdan's Blessing	d9f62a48-9f94-4d59-9ca3-e67103a609d1.jpg	player	Attachment	Dream-chaser Campaign Expansion	1	fae80556-d6d2-4d2e-a9e9-a006f025c316	208			Boon	Condition.	Attach to a character.	1											Cirdan's Blessing enters play with X resources on it. X is 1 more than the level of Círdan's Blessing ([lore]).  Response: After the active location is explored, move 1 resource from Cirdan's Blessing to attached hero's resource pool. Then, heal 1 damage from attached hero.		
a56afdd4-343f-4b66-9bd2-f775d6372cd7	A Storm on Cobas Haven	a56afdd4-343f-4b66-9bd2-f775d6372cd7.jpg	multi_sided	Campaign	Dream-chaser Campaign Expansion	1	fae80556-d6d2-4d2e-a9e9-a006f025c316	209					You are playing Campaign Mode.												Setup: Attach Black Key (burden) to Raider Flagship. Each player chooses a Modification boon for each of their ship-objectives and attaches it to that ship-objective. Shuffle Thunderstruck into the encounter deck. Shuffle Crowley into the Corsair deck.  Put Calaerion into play under the control of the player with the Dream-chaser. Put Gavin into play under any player's control. One player may choose a copy of Círdan's Blessing not in the Campaign Pool and add it to their hand.		
a56afdd4-343f-4b66-9bd2-f775d6372cd7	A Storm on Cobas Haven	a56afdd4-343f-4b66-9bd2-f775d6372cd7.B.jpg	multi_sided	Campaign	Dream-chaser Campaign Expansion	1	fae80556-d6d2-4d2e-a9e9-a006f025c316	209																	Resolution: Add the Círdan's Blessing chosen during setup to the Campaign Pool. The players may spend 4 XP on Gavin to record in the Campaign Log that “Gavin returned.”  Gain the following:  • 1 XP for each surviving player.  • 1 XP if you ended the game on-course.  • 1 XP if 2 Dol Amroth Warships are in play.  • 1 XP if the players control 2 Corsair Skirmishers.  • 1 XP if the players control 4 Dol Amroth objectives.  • 1 XP for each Corsair Warship in the victory display.  • 1 XP if Crowley is in the victory display.  • 2 XP if Raider Flagship is in the victory display.  • 2 XP if Thunderstruck is in the victory display.  • –1 XP if Ominous Fate is in the victory display.		
ee22a40c-9884-4872-988b-f8468e4ac549	Dol Amroth Warship	ee22a40c-9884-4872-988b-f8468e4ac549.jpg	multi_sided	Ship Objective	Dream-chaser Campaign Expansion	2	fae80556-d6d2-4d2e-a9e9-a006f025c316	102				Gondor. Ship.	Immune to player card effects.					2	2	2	8				If you are on-course, Dol Amroth Warship gets +2 [willpower], +2 [attack], and +2 [defense].  Forced: When Dol Amroth Warship is destroyed, set it aside, out of play.		{"immuneToPlayerCardEffects": true}
ee22a40c-9884-4872-988b-f8468e4ac549	Dol Amroth Warship	ee22a40c-9884-4872-988b-f8468e4ac549.B.jpg	multi_sided	Ship Objective	Dream-chaser Campaign Expansion	2	fae80556-d6d2-4d2e-a9e9-a006f025c316	102				Gondor. Ship. Upgraded.	Campaign Mode only. Immune to player card effects. Sentinel.					3	3	3	10				If you are on-course, Dol Amroth Warship gets +2 [willpower], +2 [attack], and +2 [defense].  Forced: When Dol Amroth Warship is destroyed, set it aside, out of play.		{"immuneToPlayerCardEffects": true}
6f86b022-f196-463f-8c44-83ca6fc80e3f	Gavin	6f86b022-f196-463f-8c44-83ca6fc80e3f.jpg	encounter	Objective Ally	Dream-chaser Campaign Expansion	1	fae80556-d6d2-4d2e-a9e9-a006f025c316	210		1	Boon	Creature. Scout.	Surge. Ranged. When Gavin leaves play (other than by his ability), remove him from the game.					1	1	0	2				Planning Action: Shuffle Gavin and 1 random set-aside Send for Help into the encounter deck.  When Revealed: Put Gavin into play under any player's control committed to the quest. Add 1 resource to Lanwyn's resource pool, if able.		
b6837b27-bf65-481f-9556-0e282e631686	Send for Help	b6837b27-bf65-481f-9556-0e282e631686.jpg	encounter	Event	Dream-chaser Campaign Expansion	1	fae80556-d6d2-4d2e-a9e9-a006f025c316	211			Boon		Surge.	-											When Revealed: Choose a player to search the top 10 cards of their deck for a card, draw it or play it at no cost, and shuffle their deck. If Send for Help ([leadership]) is upgraded, repeat this effect. Remove Send for Help from the game.	Shadow: Resolve this card's when revealed effect.	
a3267c77-f3e6-43b4-b88c-f55aa943e66e	Send for Help	a3267c77-f3e6-43b4-b88c-f55aa943e66e.jpg	encounter	Event	Dream-chaser Campaign Expansion	1	fae80556-d6d2-4d2e-a9e9-a006f025c316	212			Boon		Surge.	-											When Revealed: Search the players' collections for a hero and put it into play under any player's control. If Send for Help ([tactics]) is upgraded, repeat this effect. At the end of the round, or if those heroes leave play, remove them from the game. Remove Send for Help from the game.	Shadow: Resolve this card's when revealed effect.	
f3c4d4c8-3b96-48b0-a784-e3da8f4852f2	Send for Help	f3c4d4c8-3b96-48b0-a784-e3da8f4852f2.jpg	encounter	Event	Dream-chaser Campaign Expansion	1	fae80556-d6d2-4d2e-a9e9-a006f025c316	213			Boon		Surge.	-											When Revealed: Choose one: resource, planning, combat, or refresh. After the current phase, there is an additional instance of the chosen phase. If Send for Help ([spirit]) is upgraded, choose two instead (resolve them in any order). Remove Send for Help from the game.	Shadow: Resolve this card's when revealed effect.	
fb49b402-4826-4bb8-a61a-b959a4fe5acc	Send for Help	fb49b402-4826-4bb8-a61a-b959a4fe5acc.jpg	encounter	Event	Dream-chaser Campaign Expansion	1	fae80556-d6d2-4d2e-a9e9-a006f025c316	214			Boon		Surge.	-											When Revealed: Search the players' collections for Gandalf ally (core set 73) and put him into play under any player's control, ignoring uniqueness. If Send for Help ([lore]) is upgraded, that player chooses up to 3 of Gandalf's options instead of 1. Remove Send for Help from the game.		
7be3bdf4-dc81-4a3d-8fb1-08bfe4c9b1b5	The City of Corsairs	7be3bdf4-dc81-4a3d-8fb1-08bfe4c9b1b5.jpg	multi_sided	Campaign	Dream-chaser Campaign Expansion	1	fae80556-d6d2-4d2e-a9e9-a006f025c316	215					You are playing Campaign Mode.												Setup: Flip the Stormcaller to its “Campaign Mode only” side, then attach Black Key (burden) to it. Each player chooses a Modification boon for each of their ship-objectives and attaches it to that ship- objective. Shuffle Thunderstruck into the encounter deck. Shuffle Crowley into the Corsair deck.  Put Calaerion into play under the control of the player with the Dream-chaser. One player may choose a copy of Círdan's Blessing not in the Campaign Pool and add it to their hand. If “Gavin returned,” put him into play under any player's control. Flip this card over.		
7be3bdf4-dc81-4a3d-8fb1-08bfe4c9b1b5	The City of Corsairs	7be3bdf4-dc81-4a3d-8fb1-08bfe4c9b1b5.B.jpg	multi_sided	Campaign	Dream-chaser Campaign Expansion	1	fae80556-d6d2-4d2e-a9e9-a006f025c316	215																	Forced: When stage 2B is revealed, search the encounter deck and discard pile for each boon and non-Ship burden and shuffle them into the second encounter deck.  Forced: When Captain Sahír enters play, attach Black Key (burden) and The Black Sword to him.  Refresh Action: Exhaust a hero to move 1 resource from The Black Sword to that hero's resource pool. If The Black Sword has no resources on it, remove it from the game. (Group limit once per round.)   Resolution: The players win the campaign!  Gain the following:  • 1 XP for each surviving player.  • 1 XP for each of the following cards in the victory display: Corsair Warship, Shattered Monument, Crowley, and Stormcaller.  • 2 XP if Thunderstruck is in the victory display.  • –1 XP if Ominous Fate is in the victory display.		
5819e6dc-da71-48a0-a0d8-607e67fc8fbd	The Black Sword	5819e6dc-da71-48a0-a0d8-607e67fc8fbd.jpg	multi_sided	Objective	Dream-chaser Campaign Expansion	1	fae80556-d6d2-4d2e-a9e9-a006f025c316	216		1	Burden	Item. Weapon.	Immune to player card effects. The Black Sword enters play with 3 resources on it.												Captain Sahír gets +2 [attack] and gains indestructible.  Forced: After Captain Sahír attacks for the first time each round, he makes an attack against each other player (in turn order).		{"immuneToPlayerCardEffects": true}
5819e6dc-da71-48a0-a0d8-607e67fc8fbd	The Black Sword	5819e6dc-da71-48a0-a0d8-607e67fc8fbd.B.jpg	multi_sided	Objective	Dream-chaser Campaign Expansion	1	fae80556-d6d2-4d2e-a9e9-a006f025c316	216		1	Burden	Item. Weapon. Upgraded.	Immune to player card effects. The Black Sword enters play with 2 resources on it.												Captain Sahír gains indestructible.  Forced: After Captain Sahír attacks for the first time each round, he makes an attack against each other player (in turn order).		{"immuneToPlayerCardEffects": true}
adc553ec-872a-493b-bbed-c9313e9d0f0f	Hard Mode	adc553ec-872a-493b-bbed-c9313e9d0f0f.jpg	multi_sided	Objective	Dream-chaser Campaign Expansion	1	fae80556-d6d2-4d2e-a9e9-a006f025c316	217																	Each player's threat cannot be reduced by more than 1 each round.  Forced: After a player draws any number of cards, that player raises their threat by that number.   Resolution: Gain 1 XP.		
adc553ec-872a-493b-bbed-c9313e9d0f0f	Expert Mode	adc553ec-872a-493b-bbed-c9313e9d0f0f.B.jpg	multi_sided	Objective	Dream-chaser Campaign Expansion	1	fae80556-d6d2-4d2e-a9e9-a006f025c316	217																	Each player's threat cannot be reduced.  Forced: After a player draws any number of cards, that player raises their threat by that number.  Forced: After a character is healed or readied by a player card effect, its controller raises their threat by 1.   Resolution: Gain 2 XP.		
d777af13-989a-40b7-8825-61a7dc8e793c	The Shattered Monument	d777af13-989a-40b7-8825-61a7dc8e793c.jpg	multi_sided	Location	Dream-chaser Campaign Expansion	1	fae80556-d6d2-4d2e-a9e9-a006f025c316	129		1		Umbar.					4					8	5		Each Raider enemy with at least 1 resource on it is immune to player events.  Forced: At the beginning of the resource phase, add 1 resource to each Raider enemy in play.		
d777af13-989a-40b7-8825-61a7dc8e793c	The Shattered Monument	d777af13-989a-40b7-8825-61a7dc8e793c.B.jpg	multi_sided	Location	Dream-chaser Campaign Expansion	1	fae80556-d6d2-4d2e-a9e9-a006f025c316	129		1		Umbar.	Campaign Mode only.				3					7	3		Forced: At the beginning of the resource phase, add 1 resource to each Raider enemy in play.		
